<?xml version="1.0" encoding="UTF-8"?>
<project-private xmlns="http://www.netbeans.org/ns/project-private/1">
    <editor-bookmarks xmlns="http://www.netbeans.org/ns/editor-bookmarks/1"/>
    <editor-bookmarks xmlns="http://www.netbeans.org/ns/editor-bookmarks/2" lastBookmarkId="0"/>
    <open-files xmlns="http://www.netbeans.org/ns/projectui-open-files/2">
        <group>
            <file>file:/F:/HomeWork/JavaWindow/实训/CourseManageMentCommon/src/com/nty/coursemgmt/data/ClassNameMgmtDB.java</file>
            <file>file:/F:/HomeWork/JavaWindow/实训/CourseManageMentCommon/src/com/nty/coursemgmt/db/ConnectionManager.java</file>
            <file>file:/F:/HomeWork/JavaWindow/实训/CourseManageMentCommon/src/com/nty/coursemgmt/data/UserMgmtNet.java</file>
            <file>file:/F:/HomeWork/JavaWindow/实训/CourseManageMentCommon/src/com/nty/coursemgmt/data/Course.java</file>
            <file>file:/F:/HomeWork/JavaWindow/实训/CourseManageMentCommon/src/com/nty/coursemgmt/data/Teacher.java</file>
            <file>file:/F:/HomeWork/JavaWindow/实训/CourseManageMentCommon/src/com/nty/coursemgmt/data/UserMgmt.java</file>
            <file>file:/F:/HomeWork/JavaWindow/实训/CourseManageMentCommon/src/com/nty/coursemgmt/net/MyRequest.java</file>
            <file>file:/F:/HomeWork/JavaWindow/实训/CourseManageMentCommon/src/com/nty/coursemgmt/data/ClassNameMgmt.java</file>
            <file>file:/F:/HomeWork/JavaWindow/实训/CourseManageMentCommon/src/com/nty/coursemgmt/data/UserCourseRelationMgmtNet.java</file>
            <file>file:/F:/HomeWork/JavaWindow/实训/CourseManageMentCommon/src/com/nty/coursemgmt/net/MyResponse.java</file>
        </group>
    </open-files>
</project-private>
